title52,"description52 15h46",2015-06-11,Critical
title31,"description31 15h47",2015-06-11,Critical
title31,"description31 22h01",2015-06-11,Critical
title15h48,"description31 20150614U2028",2015-06-11,Critical
title15h48,"description31 22h23",2015-06-11,Critical
title5,"description5 16h10",2015-06-11,Critical
title5,"description5 16h10",2015-06-11,Critical
title5,"description5 22h00",2015-06-11,Critical
title31,"description31 22h01",2015-06-11,Critical
title,description,2015-06-11,Critical
title,"description 20h34",2015-06-11,Critical
